SN,Treatment,Post,Round,Age,Gender,Ethnicity,HighestEducationAttained,Fieldofstudy,Studying,Working,EntrepExperience,WorkExp,IndustryExperience,Residence,TeamSize,Registered,Sector,TimeEffort,CustomerInteraction,ExpertInteraction,Networking,RevenueLikert,CustomersLikert,exit,AttendanceCertificate,Post_x_Treatment
1,1,0,1,32,Male,Malay,Diploma or equivalent,Science & Mathematics,0,1,1,1,Technology,Singaporean,1,0,Commerce & E-commerce,0,4,0,0,1,1,0,1,0
1,1,1,1,32,Male,Malay,Diploma or equivalent,Science & Mathematics,0,1,1,1,Technology,Singaporean,1,0,Commerce & E-commerce,0,4,0,0,1,1,0,1,1
2,1,0,1,51,Male,Malay,Diploma or equivalent,Computing,0,0,1,1,Construction & Real Estate,Singaporean,1,1,Services,2,1,2,2,3,2,0,1,0
2,1,1,1,51,Male,Malay,Diploma or equivalent,Computing,0,0,1,1,Construction & Real Estate,Singaporean,1,1,Services,2,1,2,2,1,1,0,1,1
3,0,0,1,52,Male,Malay,Masters,Engineering,0,0,1,4,Technology,Singaporean,2,0,Services,1,1,1,1,1,1,0,1,0
3,0,1,1,52,Male,Malay,Masters,Engineering,0,0,1,4,Technology,Singaporean,2,0,Services,1,1,1,1,1,1,0,1,0
4,1,0,1,49,Male,Malay,Masters,Engineering,0,1,1,4,Technology,Singaporean,5,1,Services,4,3,4,5,4,3,1,1,0
4,1,1,1,49,Male,Malay,Masters,Engineering,0,1,1,4,Technology,Singaporean,5,1,Services,4,3,4,5,,,1,1,1
5,0,0,1,36,Male,Malay,Diploma or equivalent,Business,0,1,1,4,Banking & Finance,Singaporean,2,0,Online Platform & App,4,3,4,1,1,1,0,1,0
5,0,1,1,36,Male,Malay,Diploma or equivalent,Business,0,1,1,4,Banking & Finance,Singaporean,2,0,Online Platform & App,4,3,4,1,4,2,0,1,0
6,0,0,1,35,Male,Chinese,Diploma or equivalent,Business,0,1,1,2,Banking & Finance,Singaporean,2,0,Services,0,0,0,0,1,1,0,1,0
6,0,1,1,35,Male,Chinese,Diploma or equivalent,Business,0,1,1,2,Banking & Finance,Singaporean,2,0,Services,0,0,0,0,1,1,0,1,0
7,1,0,1,44,Male,Malay,Diploma or equivalent,Arts & Social Sciences,1,0,1,4,Education,Singaporean,1,0,Commerce & E-commerce,0,1,0,0,1,3,0,1,0
7,1,1,1,44,Male,Malay,Diploma or equivalent,Arts & Social Sciences,1,0,1,4,Education,Singaporean,1,0,Commerce & E-commerce,0,1,0,0,1,4,0,1,1
8,1,0,1,38,Male,Chinese,Degree,Business,0,1,1,2,Others,Singaporean,1,0,Services,4,3,2,4,2,4,1,0,0
8,1,1,1,38,Male,Chinese,Degree,Business,0,1,1,2,Others,Singaporean,1,0,Services,4,3,2,4,,,1,0,1
9,0,0,1,52,Female,Malay,Degree,Business,0,0,1,4,Education,Singaporean,20,1,Services,4,4,4,4,4,2,0,1,0
9,0,1,1,52,Female,Malay,Degree,Business,0,0,1,4,Education,Singaporean,20,1,Services,4,4,4,4,4,2,0,1,0
10,1,0,1,44,Male,Chinese,Masters,Business,0,1,1,1,Arts & Media,Singaporean,2,0,Commerce & E-commerce,,,,,1,1,0,0,0
10,1,1,1,44,Male,Chinese,Masters,Business,0,1,1,1,Arts & Media,Singaporean,2,0,Commerce & E-commerce,,,,,1,1,0,0,1
11,1,0,1,50,Male,India,Masters,Others,0,1,1,4,Education,Singaporean,3,1,Services,,,,,1,1,0,1,0
11,1,1,1,50,Male,India,Masters,Others,0,1,1,4,Education,Singaporean,3,1,Services,,,,,1,1,0,1,1
12,0,0,1,52,Male,Malay,Diploma or equivalent,Others,0,1,1,4,Food & Beverage,Singaporean,2,1,Commerce & E-commerce,4,4,2,2,4,3,1,0,0
12,0,1,1,52,Male,Malay,Diploma or equivalent,Others,0,1,1,4,Food & Beverage,Singaporean,2,1,Commerce & E-commerce,4,4,2,2,,,1,0,0
13,0,0,1,32,Male,Malay,Diploma or equivalent,Science & Mathematics,0,1,1,2,Technology,Singaporean,1,0,Services,3,3,2,2,1,1,0,1,0
13,0,1,1,32,Male,Malay,Diploma or equivalent,Science & Mathematics,0,1,1,2,Technology,Singaporean,1,0,Services,3,3,2,2,1,1,0,1,0
14,0,0,1,47,Male,India,PhD,Others,0,0,1,4,Healthcare,Singaporean,2,1,Services,4,4,2,1,3,4,0,1,0
14,0,1,1,47,Male,India,PhD,Others,0,0,1,4,Healthcare,Singaporean,2,1,Services,4,4,2,1,3,4,0,1,0
15,1,0,1,22,Male,Chinese,Diploma or equivalent,Engineering,1,0,0,0,Not Applicable,Singaporean,1,0,Commerce & E-commerce,0,1,1,1,1,,1,0,0
15,1,1,1,22,Male,Chinese,Diploma or equivalent,Engineering,1,0,0,0,Not Applicable,Singaporean,1,0,Commerce & E-commerce,0,1,1,1,,,1,0,1
16,0,0,1,57,Female,Malay,Degree,Others,0,0,0,3,Arts & Media,Singaporean,1,0,Commerce & E-commerce,0,0,0,0,1,1,1,0,0
16,0,1,1,57,Female,Malay,Degree,Others,0,0,0,3,Arts & Media,Singaporean,1,0,Commerce & E-commerce,0,0,0,0,,,1,0,0
17,1,0,1,25,Male,Chinese,Diploma or equivalent,Business,0,1,1,2,Others,Singaporean,1,0,Services,2,1,1,1,1,1,0,1,0
17,1,1,1,25,Male,Chinese,Diploma or equivalent,Business,0,1,1,2,Others,Singaporean,1,0,Services,2,1,1,1,5,2,0,1,1
18,0,0,1,37,Male,Malay,Degree,Business,1,1,0,3,Government,Singaporean,2,0,Online Platform & App,2,2,2,2,1,1,1,0,0
18,0,1,1,37,Male,Malay,Degree,Business,1,1,0,3,Government,Singaporean,2,0,Online Platform & App,2,2,2,2,,,1,0,0
19,1,0,1,40,Male,Chinese,Degree,Computing,0,1,1,3,Healthcare,Work Visa,1,0,Services,2,1,1,1,1,1,0,1,0
19,1,1,1,40,Male,Chinese,Degree,Computing,0,1,1,3,Healthcare,Work Visa,1,0,Services,2,1,1,1,1,1,0,1,1
20,0,0,1,38,Male,Chinese,Degree,Computing,0,1,0,3,Technology,Singaporean,3,0,Commerce & E-commerce,1,1,3,2,1,1,0,1,0
20,0,1,1,38,Male,Chinese,Degree,Computing,0,1,0,3,Technology,Singaporean,3,0,Commerce & E-commerce,1,1,3,2,1,1,0,1,0
21,1,0,1,42,Male,Chinese,Degree,Engineering,0,1,1,2,Travel & Tourism,Singaporean,2,1,Commerce & E-commerce,4,3,5,1,1,1,0,1,0
21,1,1,1,42,Male,Chinese,Degree,Engineering,0,1,1,2,Travel & Tourism,Singaporean,2,1,Commerce & E-commerce,4,3,5,1,3,3,0,1,1
22,1,0,1,40,Male,Malay,Masters,Computing,0,1,1,3,Education,Singaporean,1,0,Online Platform & App,4,3,3,2,4,,1,0,0
22,1,1,1,40,Male,Malay,Masters,Computing,0,1,1,3,Education,Singaporean,1,0,Online Platform & App,4,3,3,2,,,1,0,1
23,1,0,1,43,Male,Malay,Degree,Engineering,0,1,0,3,Technology,Singaporean,1,0,Commerce & E-commerce,0,2,0,0,1,1,0,1,0
23,1,1,1,43,Male,Malay,Degree,Engineering,0,1,0,3,Technology,Singaporean,1,0,Commerce & E-commerce,0,2,0,0,1,5,0,1,1
24,1,0,1,53,Male,Chinese,PhD,Medicine & Dentistry,0,1,0,4,Education,Permanent Resident,3,0,Services,5,2,5,1,1,1,0,1,0
24,1,1,1,53,Male,Chinese,PhD,Medicine & Dentistry,0,1,0,4,Education,Permanent Resident,3,0,Services,5,2,5,1,1,1,0,1,1
25,0,0,1,36,Male,Others,PhD,Medicine & Dentistry,0,1,0,1,Healthcare,Work Visa,6,0,Services,1,0,3,1,1,1,1,0,0
25,0,1,1,36,Male,Others,PhD,Medicine & Dentistry,0,1,0,1,Healthcare,Work Visa,6,0,Services,1,0,3,1,,,1,0,0
26,1,0,1,25,Male,Chinese,Degree,Business,1,0,1,1,Banking & Finance,Singaporean,1,0,Services,3,1,1,1,,,1,0,0
26,1,1,1,25,Male,Chinese,Degree,Business,1,0,1,1,Banking & Finance,Singaporean,1,0,Services,3,1,1,1,,,1,0,1
27,0,0,1,29,Male,Chinese,Degree,Others,0,1,1,1,Healthcare,Singaporean,1,0,Services,2,1,1,1,1,1,0,1,0
27,0,1,1,29,Male,Chinese,Degree,Others,0,1,1,1,Healthcare,Singaporean,1,0,Services,2,1,1,1,1,1,0,1,0
28,1,0,1,58,Male,Chinese,Masters,Computing,0,1,0,4,Education,Singaporean,4,0,Online Platform & App,1,5,5,0,1,1,0,1,0
28,1,1,1,58,Male,Chinese,Masters,Computing,0,1,0,4,Education,Singaporean,4,0,Online Platform & App,1,5,5,0,1,3,0,1,1
29,0,0,1,59,Female,Others,Masters,Arts & Social Sciences,0,1,0,4,Others,Singaporean,2,1,Services,4,3,3,3,5,3,0,1,0
29,0,1,1,59,Female,Others,Masters,Arts & Social Sciences,0,1,0,4,Others,Singaporean,2,1,Services,4,3,3,3,4,4,0,1,0
30,0,0,1,21,Male,Chinese,Diploma or equivalent,Engineering,1,0,0,0,Not Applicable,Singaporean,1,0,Online Platform & App,2,1,3,3,1,1,0,1,0
30,0,1,1,21,Male,Chinese,Diploma or equivalent,Engineering,1,0,0,0,Not Applicable,Singaporean,1,0,Online Platform & App,2,1,3,3,1,1,0,1,0
31,0,0,1,59,Male,India,PhD,Others,0,0,1,1,Defense,Singaporean,4,1,Commerce & E-commerce,4,4,4,3,1,2,0,1,0
31,0,1,1,59,Male,India,PhD,Others,0,0,1,1,Defense,Singaporean,4,1,Commerce & E-commerce,4,4,4,3,4,2,0,1,0
32,1,0,1,41,Female,Malay,Degree,Business,0,1,1,3,Education,Singaporean,2,0,Other,,,,,1,1,1,0,0
32,1,1,1,41,Female,Malay,Degree,Business,0,1,1,3,Education,Singaporean,2,0,Other,,,,,,,1,0,1
33,1,0,1,23,Female,Chinese,Diploma or equivalent,Engineering,1,0,1,1,Engineering,Singaporean,1,0,Commerce & E-commerce,2,3,1,1,3,3,0,1,0
33,1,1,1,23,Female,Chinese,Diploma or equivalent,Engineering,1,0,1,1,Engineering,Singaporean,1,0,Commerce & E-commerce,2,3,1,1,3,,0,1,1
34,0,0,1,23,Female,Chinese,Diploma or equivalent,Business,1,0,1,0,Others,Student Visa,3,1,Commerce & E-commerce,,,,,,,1,0,0
34,0,1,1,23,Female,Chinese,Diploma or equivalent,Business,1,0,1,0,Others,Student Visa,3,1,Commerce & E-commerce,,,,,,,1,0,0
35,1,0,1,22,Male,Others,Diploma or equivalent,Engineering,1,0,1,1,Not Applicable,Student Visa,1,0,Commerce & E-commerce,1,2,1,1,2,2,0,1,0
35,1,1,1,22,Male,Others,Diploma or equivalent,Engineering,1,0,1,1,Not Applicable,Student Visa,1,0,Commerce & E-commerce,1,2,1,1,2,3,0,1,1
36,1,0,1,22,Male,Chinese,Diploma or equivalent,Law,1,0,0,0,Others,Singaporean,3,1,Online Platform & App,3,2,2,1,1,1,1,0,0
36,1,1,1,22,Male,Chinese,Diploma or equivalent,Law,1,0,0,0,Others,Singaporean,3,1,Online Platform & App,3,2,2,1,,,1,0,1
37,0,0,1,21,Female,Chinese,Diploma or equivalent,Arts & Social Sciences,1,0,0,1,Not Applicable,Singaporean,1,0,Commerce & E-commerce,0,0,0,0,1,1,1,0,0
37,0,1,1,21,Female,Chinese,Diploma or equivalent,Arts & Social Sciences,1,0,0,1,Not Applicable,Singaporean,1,0,Commerce & E-commerce,0,0,0,0,,,1,0,0
38,0,0,1,22,Male,Chinese,Diploma or equivalent,Engineering,1,0,1,0,Engineering,Singaporean,1,0,Commerce & E-commerce,2,1,3,3,1,1,0,1,0
38,0,1,1,22,Male,Chinese,Diploma or equivalent,Engineering,1,0,1,0,Engineering,Singaporean,1,0,Commerce & E-commerce,2,1,3,3,1,1,0,1,0
39,0,0,1,46,Female,Others,PhD,Science & Mathematics,0,1,0,3,Others,Permanent Resident,1,0,Services,2,2,3,2,1,1,0,1,0
39,0,1,1,46,Female,Others,PhD,Science & Mathematics,0,1,0,3,Others,Permanent Resident,1,0,Services,2,2,3,2,2,2,0,1,0
40,1,0,1,61,Female,Chinese,PhD,Business,0,1,1,4,Banking & Finance,Permanent Resident,1,0,Online Platform & App,1,1,2,1,1,1,0,1,0
40,1,1,1,61,Female,Chinese,PhD,Business,0,1,1,4,Banking & Finance,Permanent Resident,1,0,Online Platform & App,1,1,2,1,1,1,0,1,1
41,1,0,1,22,Male,Chinese,Diploma or equivalent,Law,1,0,0,0,Not Applicable,Singaporean,3,0,Other,,,,,1,1,1,0,0
41,1,1,1,22,Male,Chinese,Diploma or equivalent,Law,1,0,0,0,Not Applicable,Singaporean,3,0,Other,,,,,,,1,0,1
42,1,0,1,27,Male,Chinese,Degree,Medicine & Dentistry,1,1,0,1,Healthcare,Singaporean,1,0,Commerce & E-commerce,5,5,5,1,1,1,0,1,0
42,1,1,1,27,Male,Chinese,Degree,Medicine & Dentistry,1,1,0,1,Healthcare,Singaporean,1,0,Commerce & E-commerce,5,5,5,1,1,1,0,1,1
43,1,0,1,24,Male,Chinese,Diploma or equivalent,Engineering,1,0,1,1,Engineering,Singaporean,2,0,Commerce & E-commerce,4,3,3,2,1,1,1,0,0
43,1,1,1,24,Male,Chinese,Diploma or equivalent,Engineering,1,0,1,1,Engineering,Singaporean,2,0,Commerce & E-commerce,4,3,3,2,,,1,0,1
44,0,0,1,21,Female,Chinese,Diploma or equivalent,Law,1,0,0,0,Not Applicable,Singaporean,1,0,Commerce & E-commerce,2,2,3,2,1,1,0,1,0
44,0,1,1,21,Female,Chinese,Diploma or equivalent,Law,1,0,0,0,Not Applicable,Singaporean,1,0,Commerce & E-commerce,2,2,3,2,1,1,0,1,0
45,0,0,1,35,Male,India,PhD,Engineering,1,1,1,2,Engineering,Work Visa,1,0,Services,0,1,3,2,1,1,0,1,0
45,0,1,1,35,Male,India,PhD,Engineering,1,1,1,2,Engineering,Work Visa,1,0,Services,0,1,3,2,1,1,0,1,0
46,0,0,1,52,Male,Malay,Diploma or equivalent,Others,0,0,0,3,Banking & Finance,Singaporean,1,0,Online Platform & App,4,3,2,2,3,5,0,1,0
46,0,1,1,52,Male,Malay,Diploma or equivalent,Others,0,0,0,3,Banking & Finance,Singaporean,1,0,Online Platform & App,4,3,2,2,1,1,0,1,0
47,0,0,1,31,Female,Malay,Degree,Business,0,1,1,2,Arts & Media,Singaporean,5,1,Other,,,,,,,1,0,0
47,0,1,1,31,Female,Malay,Degree,Business,0,1,1,2,Arts & Media,Singaporean,5,1,Other,,,,,,,1,0,0
48,1,0,1,34,Female,India,Degree,Law,0,1,0,2,Others,Singaporean,2,0,Services,2,4,1,1,1,2,1,1,0
48,1,1,1,34,Female,India,Degree,Law,0,1,0,2,Others,Singaporean,2,0,Services,2,4,1,1,,,1,1,1
49,1,0,1,35,Female,Malay,Degree,Business,0,1,1,3,Retail & Commerce,Singaporean,2,0,Services,0,5,1,1,3,3,0,1,0
49,1,1,1,35,Female,Malay,Degree,Business,0,1,1,3,Retail & Commerce,Singaporean,2,0,Services,0,5,1,1,1,1,0,1,1
50,1,0,1,21,Male,Malay,Diploma or equivalent,Law,1,1,1,1,Logistics & Transport,Singaporean,2,0,Commerce & E-commerce,2,3,1,1,1,1,1,0,0
50,1,1,1,21,Male,Malay,Diploma or equivalent,Law,1,1,1,1,Logistics & Transport,Singaporean,2,0,Commerce & E-commerce,2,3,1,1,,,1,0,1
51,0,0,1,24,Male,Malay,Diploma or equivalent,Engineering,1,0,0,1,Travel & Tourism,Singaporean,3,0,Services,0,0,0,0,1,1,0,1,0
51,0,1,1,24,Male,Malay,Diploma or equivalent,Engineering,1,0,0,1,Travel & Tourism,Singaporean,3,0,Services,0,0,0,0,1,1,0,1,0
52,1,0,1,21,Male,Eurasian,Diploma or equivalent,Engineering,1,0,1,1,Food & Beverage,Singaporean,1,0,Commerce & E-commerce,1,1,5,3,1,1,0,1,0
52,1,1,1,21,Male,Eurasian,Diploma or equivalent,Engineering,1,0,1,1,Food & Beverage,Singaporean,1,0,Commerce & E-commerce,1,1,5,3,1,5,0,1,1
53,0,0,1,23,Male,Chinese,Diploma or equivalent,Others,1,0,0,0,Technology,Singaporean,1,0,Commerce & E-commerce,0,0,0,0,1,1,1,1,0
53,0,1,1,23,Male,Chinese,Diploma or equivalent,Others,1,0,0,0,Technology,Singaporean,1,0,Commerce & E-commerce,0,0,0,0,,,1,1,0
54,0,0,1,23,Male,Chinese,Diploma or equivalent,Engineering,1,0,0,1,Not Applicable,Singaporean,2,0,Online Platform & App,2,2,3,2,1,1,0,1,0
54,0,1,1,23,Male,Chinese,Diploma or equivalent,Engineering,1,0,0,1,Not Applicable,Singaporean,2,0,Online Platform & App,2,2,3,2,1,1,0,1,0
55,1,0,1,27,Female,Others,PhD,Science & Mathematics,1,0,0,1,Healthcare,Student Visa,2,0,Other,,,,,1,1,0,0,0
55,1,1,1,27,Female,Others,PhD,Science & Mathematics,1,0,0,1,Healthcare,Student Visa,2,0,Other,,,,,2,3,0,0,1
56,0,0,1,27,Female,Malay,Diploma or equivalent,Arts & Social Sciences,1,1,1,1,Arts & Media,Singaporean,2,0,Services,4,4,2,2,1,2,0,1,0
56,0,1,1,27,Female,Malay,Diploma or equivalent,Arts & Social Sciences,1,1,1,1,Arts & Media,Singaporean,2,0,Services,4,4,2,2,2,1,0,1,0
57,1,0,1,42,Female,Malay,Degree,Computing,0,0,1,3,Education,Singaporean,1,1,Services,4,3,4,3,3,4,0,1,0
57,1,1,1,42,Female,Malay,Degree,Computing,0,0,1,3,Education,Singaporean,1,1,Services,4,3,4,3,5,3,0,1,1
58,0,0,1,36,Male,Others,Masters,Arts & Social Sciences,1,0,0,2,Others,Student Visa,1,0,Online Platform & App,,,,,,,1,0,0
58,0,1,1,36,Male,Others,Masters,Arts & Social Sciences,1,0,0,2,Others,Student Visa,1,0,Online Platform & App,,,,,,,1,0,0
59,1,0,1,46,Male,Chinese,Degree,Design & Environment,0,1,1,3,Others,Singaporean,1,0,Online Platform & App,3,2,1,1,3,2,1,0,0
59,1,1,1,46,Male,Chinese,Degree,Design & Environment,0,1,1,3,Others,Singaporean,1,0,Online Platform & App,3,2,1,1,,,1,0,1
60,0,0,1,24,Male,Chinese,Degree,Engineering,0,1,1,1,Engineering,Work Visa,1,0,Online Platform & App,3,1,2,3,1,1,1,0,0
60,0,1,1,24,Male,Chinese,Degree,Engineering,0,1,1,1,Engineering,Work Visa,1,0,Online Platform & App,3,1,2,3,,,1,0,0
61,0,0,1,24,Male,Chinese,Diploma or equivalent,Law,1,1,1,2,Food & Beverage,Singaporean,3,0,Services,1,0,0,0,1,1,0,1,0
61,0,1,1,24,Male,Chinese,Diploma or equivalent,Law,1,1,1,2,Food & Beverage,Singaporean,3,0,Services,1,0,0,0,1,1,0,1,0
62,0,0,1,23,Male,Malay,Diploma or equivalent,Computing,1,0,0,0,Not Applicable,Singaporean,5,0,Commerce & E-commerce,2,0,3,2,1,1,0,0,0
62,0,1,1,23,Male,Malay,Diploma or equivalent,Computing,1,0,0,0,Not Applicable,Singaporean,5,0,Commerce & E-commerce,2,0,3,2,1,1,0,0,0
63,1,0,1,22,Male,Chinese,Diploma or equivalent,Computing,1,0,0,1,Technology,Singaporean,1,0,Services,2,3,3,1,1,1,0,1,0
63,1,1,1,22,Male,Chinese,Diploma or equivalent,Computing,1,0,0,1,Technology,Singaporean,1,0,Services,2,3,3,1,1,1,0,1,1
64,1,0,1,37,Female,Others,Masters,Business,0,1,0,3,Education,Singaporean,1,0,Services,1,2,1,1,1,1,0,1,0
64,1,1,1,37,Female,Others,Masters,Business,0,1,0,3,Education,Singaporean,1,0,Services,1,2,1,1,1,2,0,1,1
65,0,0,1,46,Male,Chinese,Degree,Arts & Social Sciences,0,1,0,3,Technology,Singaporean,2,1,Services,4,4,2,2,1,1,0,1,0
65,0,1,1,46,Male,Chinese,Degree,Arts & Social Sciences,0,1,0,3,Technology,Singaporean,2,1,Services,4,4,2,2,4,2,0,1,0
66,1,0,1,29,Male,Chinese,Degree,Arts & Social Sciences,0,1,1,1,Technology,Singaporean,1,0,Online Platform & App,2,4,1,1,1,1,1,1,0
66,1,1,1,29,Male,Chinese,Degree,Arts & Social Sciences,0,1,1,1,Technology,Singaporean,1,0,Online Platform & App,2,4,1,1,,,1,1,1
67,1,0,1,46,Male,Chinese,Diploma or equivalent,Engineering,0,1,0,4,Travel & Tourism,Singaporean,2,1,Services,3,2,3,1,4,2,0,1,0
67,1,1,1,46,Male,Chinese,Diploma or equivalent,Engineering,0,1,0,4,Travel & Tourism,Singaporean,2,1,Services,3,2,3,1,1,1,0,1,1
68,1,0,1,36,Female,Chinese,Degree,Business,0,1,0,3,Logistics & Transport,Singaporean,1,0,Commerce & E-commerce,1,1,1,1,1,1,0,1,0
68,1,1,1,36,Female,Chinese,Degree,Business,0,1,0,3,Logistics & Transport,Singaporean,1,0,Commerce & E-commerce,1,1,1,1,1,1,0,1,1
69,0,0,1,53,Male,Chinese,Degree,Engineering,0,1,1,4,Technology,Singaporean,1,0,Services,3,2,3,3,1,1,0,1,0
69,0,1,1,53,Male,Chinese,Degree,Engineering,0,1,1,4,Technology,Singaporean,1,0,Services,3,2,3,3,1,1,0,1,0
70,1,0,1,55,Male,Chinese,Diploma or equivalent,Others,0,1,0,4,Oil & Gas,Singaporean,1,0,Other,0,1,1,1,1,1,0,1,0
70,1,1,1,55,Male,Chinese,Diploma or equivalent,Others,0,1,0,4,Oil & Gas,Singaporean,1,0,Other,0,1,1,1,1,1,0,1,1
71,0,0,1,28,Female,Malay,Degree,Others,0,0,1,2,Arts & Media,Singaporean,2,1,Services,4,3,2,3,2,2,0,1,0
71,0,1,1,28,Female,Malay,Degree,Others,0,0,1,2,Arts & Media,Singaporean,2,1,Services,4,3,2,3,2,1,0,1,0
72,0,0,1,35,Male,Chinese,Masters,Business,0,1,0,3,Technology,Permanent Resident,1,0,Other,,,,,1,1,1,0,0
72,0,1,1,35,Male,Chinese,Masters,Business,0,1,0,3,Technology,Permanent Resident,1,0,Other,,,,,,,1,0,0
73,1,0,1,36,Male,Others,Degree,Science & Mathematics,0,1,0,3,Technology,Work Visa,1,0,Commerce & E-commerce,0,0,0,0,1,1,1,0,0
73,1,1,1,36,Male,Others,Degree,Science & Mathematics,0,1,0,3,Technology,Work Visa,1,0,Commerce & E-commerce,0,0,0,0,,,1,0,1
74,0,0,1,48,Female,Chinese,Degree,Science & Mathematics,0,1,1,3,Oil & Gas,Singaporean,3,1,Services,4,3,3,2,3,3,0,1,0
74,0,1,1,48,Female,Chinese,Degree,Science & Mathematics,0,1,1,3,Oil & Gas,Singaporean,3,1,Services,4,3,3,2,1,1,0,1,0
75,0,0,1,44,Male,Chinese,Masters,Business,0,1,0,3,Banking & Finance,Work Visa,1,0,Other,,,,,1,1,0,1,0
75,0,1,1,44,Male,Chinese,Masters,Business,0,1,0,3,Banking & Finance,Work Visa,1,0,Other,,,,,1,1,0,1,0
76,0,0,1,46,Male,Chinese,Masters,Business,0,1,0,4,Technology,Singaporean,,0,Other,0,0,0,0,1,1,0,1,0
76,0,1,1,46,Male,Chinese,Masters,Business,0,1,0,4,Technology,Singaporean,,0,Other,0,0,0,0,1,1,0,1,0
77,0,0,1,51,Female,Chinese,Diploma or equivalent,Business,0,1,0,2,Healthcare,Singaporean,1,1,Services,4,4,1,1,2,3,0,1,0
77,0,1,1,51,Female,Chinese,Diploma or equivalent,Business,0,1,0,2,Healthcare,Singaporean,1,1,Services,4,4,1,1,1,2,0,1,0
78,1,0,1,30,Female,Chinese,Degree,Engineering,0,1,1,1,Education,Permanent Resident,2,0,Online Platform & App,5,2,3,1,3,2,0,1,0
78,1,1,1,30,Female,Chinese,Degree,Engineering,0,1,1,1,Education,Permanent Resident,2,0,Online Platform & App,5,2,3,1,3,5,0,1,1
79,1,0,1,24,Male,Chinese,Diploma or equivalent,Others,1,0,1,1,Education,Student Visa,6,0,Services,2,5,4,1,4,3,1,0,0
79,1,1,1,24,Male,Chinese,Diploma or equivalent,Others,1,0,1,1,Education,Student Visa,6,0,Services,2,5,4,1,,,1,0,1
80,1,0,1,53,Male,Chinese,Masters,Business,0,1,1,4,Banking & Finance,Singaporean,1,0,Online Platform & App,4,5,2,2,1,1,0,1,0
80,1,1,1,53,Male,Chinese,Masters,Business,0,1,1,4,Banking & Finance,Singaporean,1,0,Online Platform & App,4,5,2,2,1,1,0,1,1
81,1,0,1,42,Female,Chinese,Diploma or equivalent,Others,0,1,0,4,Others,Singaporean,2,1,Online Platform & App,,,,,1,1,0,1,0
81,1,1,1,42,Female,Chinese,Diploma or equivalent,Others,0,1,0,4,Others,Singaporean,2,1,Online Platform & App,,,,,1,1,0,1,1
82,1,0,1,27,Female,Malay,Degree,Engineering,0,1,1,1,Arts & Media,Singaporean,3,0,Other,,,,,1,1,0,1,0
82,1,1,1,27,Female,Malay,Degree,Engineering,0,1,1,1,Arts & Media,Singaporean,3,0,Other,,,,,1,1,0,1,1
83,0,0,1,26,Female,Chinese,Degree,Arts & Social Sciences,1,1,1,1,Food & Beverage,Singaporean,1,0,Commerce & E-commerce,3,2,3,2,1,1,0,1,0
83,0,1,1,26,Female,Chinese,Degree,Arts & Social Sciences,1,1,1,1,Food & Beverage,Singaporean,1,0,Commerce & E-commerce,3,2,3,2,1,1,0,1,0
84,1,0,1,43,Female,Malay,Degree,Arts & Social Sciences,0,0,0,3,Education,Singaporean,1,0,Services,1,1,1,1,1,1,1,0,0
84,1,1,1,43,Female,Malay,Degree,Arts & Social Sciences,0,0,0,3,Education,Singaporean,1,0,Services,1,1,1,1,,,1,0,1
85,0,0,1,28,Male,Chinese,Masters,Business,0,1,1,2,Others,Singaporean,1,0,Online Platform & App,4,5,3,5,4,2,0,1,0
85,0,1,1,28,Male,Chinese,Masters,Business,0,1,1,2,Others,Singaporean,1,0,Online Platform & App,4,5,3,5,1,1,0,1,0
86,1,0,1,24,Male,Chinese,Diploma or equivalent,Business,1,0,0,0,Banking & Finance,Singaporean,1,0,Other,0,0,0,0,1,1,1,1,0
86,1,1,1,24,Male,Chinese,Diploma or equivalent,Business,1,0,0,0,Banking & Finance,Singaporean,1,0,Other,0,0,0,0,,,1,1,1
87,0,0,1,24,Male,Chinese,Diploma or equivalent,Business,1,0,1,1,Travel & Tourism,Singaporean,3,0,Online Platform & App,2,1,2,2,1,1,0,1,0
87,0,1,1,24,Male,Chinese,Diploma or equivalent,Business,1,0,1,1,Travel & Tourism,Singaporean,3,0,Online Platform & App,2,1,2,2,1,1,0,1,0
88,1,0,1,22,Male,Chinese,Diploma or equivalent,Science & Mathematics,1,0,1,1,Education,Singaporean,1,1,Services,4,5,4,5,3,3,1,0,0
88,1,1,1,22,Male,Chinese,Diploma or equivalent,Science & Mathematics,1,0,1,1,Education,Singaporean,1,1,Services,4,5,4,5,,,1,0,1
89,1,0,1,23,Male,Malay,Diploma or equivalent,Business,1,0,0,0,Not Applicable,Singaporean,1,0,Online Platform & App,1,1,1,1,1,1,1,1,0
89,1,1,1,23,Male,Malay,Diploma or equivalent,Business,1,0,0,0,Not Applicable,Singaporean,1,0,Online Platform & App,1,1,1,1,,,1,1,1
90,0,0,1,47,Male,Chinese,Degree,Engineering,0,1,1,3,Arts & Media,Singaporean,2,0,Online Platform & App,0,0,0,0,1,1,0,1,0
90,0,1,1,47,Male,Chinese,Degree,Engineering,0,1,1,3,Arts & Media,Singaporean,2,0,Online Platform & App,0,0,0,0,1,1,0,1,0
91,1,0,1,29,Female,Malay,Degree,Law,0,1,0,1,Others,Singaporean,2,0,Services,3,2,1,1,1,1,1,0,0
91,1,1,1,29,Female,Malay,Degree,Law,0,1,0,1,Others,Singaporean,2,0,Services,3,2,1,1,,,1,0,1
92,1,0,1,21,Male,Chinese,Diploma or equivalent,Engineering,1,0,1,0,Not Applicable,Singaporean,1,0,Commerce & E-commerce,2,1,1,1,1,1,0,1,0
92,1,1,1,21,Male,Chinese,Diploma or equivalent,Engineering,1,0,1,0,Not Applicable,Singaporean,1,0,Commerce & E-commerce,2,1,1,1,1,1,0,1,1
93,0,0,1,27,Male,Chinese,Diploma or equivalent,Engineering,1,1,0,2,Defense,Singaporean,1,0,Commerce & E-commerce,1,2,1,1,1,1,0,1,0
93,0,1,1,27,Male,Chinese,Diploma or equivalent,Engineering,1,1,0,2,Defense,Singaporean,1,0,Commerce & E-commerce,1,2,1,1,1,1,0,1,0
94,0,0,1,27,Male,Others,Degree,Engineering,1,0,0,1,Oil & Gas,Singaporean,1,0,Commerce & E-commerce,2,2,2,4,1,1,0,1,0
94,0,1,1,27,Male,Others,Degree,Engineering,1,0,0,1,Oil & Gas,Singaporean,1,0,Commerce & E-commerce,2,2,2,4,1,1,0,1,0
95,1,0,1,46,Female,Chinese,Masters,Arts & Social Sciences,0,0,1,3,Not Applicable,Singaporean,1,0,Online Platform & App,2,2,1,1,1,1,0,1,0
95,1,1,1,46,Female,Chinese,Masters,Arts & Social Sciences,0,0,1,3,Not Applicable,Singaporean,1,0,Online Platform & App,2,2,1,1,1,1,0,1,1
96,1,0,1,23,Male,Chinese,Diploma or equivalent,Engineering,1,0,0,1,Engineering,Singaporean,1,0,Online Platform & App,1,5,0,0,1,1,1,1,0
96,1,1,1,23,Male,Chinese,Diploma or equivalent,Engineering,1,0,0,1,Engineering,Singaporean,1,0,Online Platform & App,1,5,0,0,,,1,1,1
97,0,0,1,35,Female,Chinese,Degree,Business,0,1,1,3,Retail & Commerce,Singaporean,1,0,Commerce & E-commerce,1,2,3,2,1,1,1,0,0
97,0,1,1,35,Female,Chinese,Degree,Business,0,1,1,3,Retail & Commerce,Singaporean,1,0,Commerce & E-commerce,1,2,3,2,,,1,0,0
98,0,0,1,45,Male,Chinese,Masters,Business,0,1,1,4,Banking & Finance,Permanent Resident,5,1,Commerce & E-commerce,3,2,3,5,1,1,0,1,0
98,0,1,1,45,Male,Chinese,Masters,Business,0,1,1,4,Banking & Finance,Permanent Resident,5,1,Commerce & E-commerce,3,2,3,5,1,1,0,1,0
99,1,0,1,33,Male,Chinese,Degree,Business,0,1,0,2,Technology,Singaporean,6,1,Online Platform & App,3,4,4,3,1,2,0,1,0
99,1,1,1,33,Male,Chinese,Degree,Business,0,1,0,2,Technology,Singaporean,6,1,Online Platform & App,3,4,4,3,1,1,0,1,1
100,1,0,1,22,Male,Chinese,Diploma or equivalent,Engineering,1,0,1,1,Construction & Real Estate,Singaporean,2,0,Services,1,1,1,1,1,2,0,1,0
100,1,1,1,22,Male,Chinese,Diploma or equivalent,Engineering,1,0,1,1,Construction & Real Estate,Singaporean,2,0,Services,1,1,1,1,1,5,0,1,1
101,1,0,1,21,Female,Chinese,Diploma or equivalent,Others,1,0,0,1,Not Applicable,Singaporean,1,0,Online Platform & App,2,2,2,1,3,2,0,1,0
101,1,1,1,21,Female,Chinese,Diploma or equivalent,Others,1,0,0,1,Not Applicable,Singaporean,1,0,Online Platform & App,2,2,2,1,3,2,0,1,1
102,0,0,1,26,Female,Malay,Diploma or equivalent,Others,0,1,0,1,Healthcare,Singaporean,1,0,Commerce & E-commerce,1,1,1,0,1,1,1,0,0
102,0,1,1,26,Female,Malay,Diploma or equivalent,Others,0,1,0,1,Healthcare,Singaporean,1,0,Commerce & E-commerce,1,1,1,0,,,1,0,0
103,0,0,1,24,Male,Chinese,Diploma or equivalent,Engineering,1,0,0,0,Not Applicable,Singaporean,1,0,Services,1,0,0,0,1,1,0,1,0
103,0,1,1,24,Male,Chinese,Diploma or equivalent,Engineering,1,0,0,0,Not Applicable,Singaporean,1,0,Services,1,0,0,0,1,1,0,1,0
104,0,0,1,23,Female,India,Degree,Business,0,1,1,1,Retail & Commerce,Singaporean,10,1,Commerce & E-commerce,4,4,5,4,3,2,0,1,0
104,0,1,1,23,Female,India,Degree,Business,0,1,1,1,Retail & Commerce,Singaporean,10,1,Commerce & E-commerce,4,4,5,4,4,3,0,1,0
105,0,0,1,35,Male,Malay,Diploma or equivalent,Design & Environment,0,0,0,3,Government,Singaporean,2,1,Commerce & E-commerce,,,,,2,3,0,0,0
105,0,1,1,35,Male,Malay,Diploma or equivalent,Design & Environment,0,0,0,3,Government,Singaporean,2,1,Commerce & E-commerce,,,,,3,4,0,0,0
106,1,0,1,42,Male,Chinese,Degree,Business,0,1,1,3,Technology,Singaporean,3,1,Online Platform & App,4,2,3,3,1,1,0,1,0
106,1,1,1,42,Male,Chinese,Degree,Business,0,1,1,3,Technology,Singaporean,3,1,Online Platform & App,4,2,3,3,1,1,0,1,1
107,1,0,1,22,Female,Chinese,Diploma or equivalent,Law,1,0,0,0,Not Applicable,Singaporean,1,0,Other,,,,,1,1,1,0,0
107,1,1,1,22,Female,Chinese,Diploma or equivalent,Law,1,0,0,0,Not Applicable,Singaporean,1,0,Other,,,,,,,1,0,1
108,1,0,1,54,Female,Malay,Diploma or equivalent,Others,0,0,0,1,Others,Singaporean,1,0,Commerce & E-commerce,3,3,1,2,1,3,0,1,0
108,1,1,1,54,Female,Malay,Diploma or equivalent,Others,0,0,0,1,Others,Singaporean,1,0,Commerce & E-commerce,3,3,1,2,1,3,0,1,1
109,0,0,1,23,Male,Chinese,Diploma or equivalent,Engineering,1,1,0,1,Education,Singaporean,2,0,Commerce & E-commerce,,,,,1,1,0,1,0
109,0,1,1,23,Male,Chinese,Diploma or equivalent,Engineering,1,1,0,1,Education,Singaporean,2,0,Commerce & E-commerce,,,,,1,1,0,1,0
110,1,0,1,21,Female,Chinese,Degree,Arts & Social Sciences,1,0,1,1,Not Applicable,Singaporean,1,0,Online Platform & App,3,3,2,1,1,1,0,1,0
110,1,1,1,21,Female,Chinese,Degree,Arts & Social Sciences,1,0,1,1,Not Applicable,Singaporean,1,0,Online Platform & App,3,3,2,1,1,1,0,1,1
111,0,0,1,25,Male,Malay,Diploma or equivalent,Others,1,1,1,1,Others,Singaporean,2,0,Online Platform & App,,,,,1,1,1,0,0
111,0,1,1,25,Male,Malay,Diploma or equivalent,Others,1,1,1,1,Others,Singaporean,2,0,Online Platform & App,,,,,,,1,0,0
112,1,0,1,59,Male,India,Diploma or equivalent,Others,0,1,1,4,Healthcare,Singaporean,2,1,Other,,,,,,,1,0,0
112,1,1,1,59,Male,India,Diploma or equivalent,Others,0,1,1,4,Healthcare,Singaporean,2,1,Other,,,,,,,1,0,1
113,1,0,1,26,Male,Chinese,Degree,Business,0,1,0,1,Banking & Finance,Singaporean,1,0,Services,3,3,2,1,1,1,0,1,0
113,1,1,1,26,Male,Chinese,Degree,Business,0,1,0,1,Banking & Finance,Singaporean,1,0,Services,3,3,2,1,3,3,0,1,1
114,0,0,1,31,Male,Malay,Degree,Business,0,1,1,3,Government,Singaporean,3,1,Online Platform & App,3,2,2,2,1,1,0,1,0
114,0,1,1,31,Male,Malay,Degree,Business,0,1,1,3,Government,Singaporean,3,1,Online Platform & App,3,2,2,2,1,1,0,1,0
115,1,0,1,29,Male,Malay,Degree,Business,0,1,1,1,Arts & Media,Singaporean,1,0,Commerce & E-commerce,2,4,0,3,1,1,0,1,0
115,1,1,1,29,Male,Malay,Degree,Business,0,1,1,1,Arts & Media,Singaporean,1,0,Commerce & E-commerce,2,4,0,3,1,2,0,1,1
116,1,0,1,67,Male,Malay,Masters,Science & Mathematics,1,1,1,4,Healthcare,Singaporean,1,0,Services,,,,,1,1,0,1,0
116,1,1,1,67,Male,Malay,Masters,Science & Mathematics,1,1,1,4,Healthcare,Singaporean,1,0,Services,,,,,1,1,0,1,1
117,1,0,1,35,Male,Malay,Diploma or equivalent,Arts & Social Sciences,0,1,1,1,Others,Singaporean,5,1,Services,4,4,2,2,2,2,0,1,0
117,1,1,1,35,Male,Malay,Diploma or equivalent,Arts & Social Sciences,0,1,1,1,Others,Singaporean,5,1,Services,4,4,2,2,1,1,0,1,1
118,0,0,1,49,Male,Malay,Masters,Others,0,1,1,4,Construction & Real Estate,Singaporean,1,0,Services,2,1,2,1,1,1,0,1,0
118,0,1,1,49,Male,Malay,Masters,Others,0,1,1,4,Construction & Real Estate,Singaporean,1,0,Services,2,1,2,1,1,1,0,1,0
119,0,0,1,44,Male,India,Masters,Others,0,1,0,3,Oil & Gas,Singaporean,2,1,Services,,,,,3,2,0,1,0
119,0,1,1,44,Male,India,Masters,Others,0,1,0,3,Oil & Gas,Singaporean,2,1,Services,,,,,1,1,0,1,0
120,1,0,1,52,Female,Malay,Masters,Arts & Social Sciences,0,1,1,4,Education,Singaporean,1,0,Services,2,5,0,0,1,1,0,1,0
120,1,1,1,52,Female,Malay,Masters,Arts & Social Sciences,0,1,1,4,Education,Singaporean,1,0,Services,2,5,0,0,1,1,0,1,1
121,0,0,1,56,Male,Malay,Degree,Arts & Social Sciences,0,0,0,4,Government,Singaporean,4,1,Services,1,2,2,2,1,1,0,1,0
121,0,1,1,56,Male,Malay,Degree,Arts & Social Sciences,0,0,0,4,Government,Singaporean,4,1,Services,1,2,2,2,1,1,0,1,0
122,0,0,1,52,Male,India,Diploma or equivalent,Others,0,1,1,4,Others,Singaporean,1,0,Services,2,2,2,2,1,1,1,1,0
122,0,1,1,52,Male,India,Diploma or equivalent,Others,0,1,1,4,Others,Singaporean,1,0,Services,2,2,2,2,,,1,1,0
123,0,0,1,28,Male,Malay,Degree,Engineering,0,1,0,1,Travel & Tourism,Singaporean,1,0,Other,0,0,2,1,1,1,1,1,0
123,0,1,1,28,Male,Malay,Degree,Engineering,0,1,0,1,Travel & Tourism,Singaporean,1,0,Other,0,0,2,1,,,1,1,0
124,0,0,1,53,Female,Malay,Degree,Business,0,1,1,1,Retail & Commerce,Singaporean,1,0,Commerce & E-commerce,3,2,3,3,1,1,0,1,0
124,0,1,1,53,Female,Malay,Degree,Business,0,1,1,1,Retail & Commerce,Singaporean,1,0,Commerce & E-commerce,3,2,3,3,1,2,0,1,0
125,1,0,1,28,Male,Malay,Diploma or equivalent,Business,1,0,0,1,Retail & Commerce,Singaporean,1,0,Services,,,,,1,1,0,1,0
125,1,1,1,28,Male,Malay,Diploma or equivalent,Business,1,0,0,1,Retail & Commerce,Singaporean,1,0,Other,,,,,1,1,0,1,1
126,0,0,1,28,Female,Chinese,Degree,Others,0,1,0,1,Retail & Commerce,Singaporean,1,0,Commerce & E-commerce,,,,,3,2,0,1,0
126,0,1,1,28,Female,Chinese,Degree,Others,0,1,0,1,Retail & Commerce,Singaporean,1,0,Commerce & E-commerce,,,,,1,1,0,1,0
127,1,0,1,27,Female,Chinese,Degree,Others,0,1,0,1,Retail & Commerce,Singaporean,1,1,Commerce & E-commerce,0,2,1,3,1,2,0,1,0
127,1,1,1,27,Female,Chinese,Degree,Others,0,1,0,1,Retail & Commerce,Singaporean,1,1,Commerce & E-commerce,0,2,1,3,2,2,0,1,1
128,0,0,1,27,Female,Chinese,Degree,Others,0,1,0,1,Arts & Media,Singaporean,1,1,Commerce & E-commerce,,,,,1,1,0,1,0
128,0,1,1,27,Female,Chinese,Degree,Others,0,1,0,1,Arts & Media,Singaporean,1,1,Commerce & E-commerce,,,,,2,2,0,1,0
129,0,0,1,24,Male,Chinese,Degree,Engineering,0,1,0,1,Engineering,Student Visa,1,0,Online Platform & App,3,2,4,3,1,1,0,1,0
129,0,1,1,24,Male,Chinese,Degree,Engineering,0,1,0,1,Engineering,Student Visa,1,0,Online Platform & App,3,2,4,3,1,1,0,1,0
130,1,0,1,49,Male,Malay,Diploma or equivalent,Engineering,0,1,0,4,Construction & Real Estate,Singaporean,1,0,Services,2,2,1,1,1,1,0,0,0
130,1,1,1,49,Male,Malay,Diploma or equivalent,Engineering,0,1,0,4,Construction & Real Estate,Singaporean,1,0,Services,2,2,1,1,1,1,0,0,1
131,0,0,1,58,Female,India,Diploma or equivalent,Business,0,1,0,4,Oil & Gas,Singaporean,1,0,Other,,,,,1,1,0,1,0
131,0,1,1,58,Female,India,Diploma or equivalent,Business,0,1,0,4,Oil & Gas,Singaporean,1,0,Other,,,,,1,1,0,1,0
132,0,0,1,54,Female,Malay,Degree,Arts & Social Sciences,0,1,1,4,Education,Singaporean,1,0,Other,,,,,1,1,0,1,0
132,0,1,1,54,Female,Malay,Degree,Arts & Social Sciences,0,1,1,4,Education,Singaporean,1,0,Other,,,,,1,1,0,1,0
133,1,0,1,48,Male,Malay,Diploma or equivalent,Others,0,1,1,3,Food & Beverage,Singaporean,3,1,Commerce & E-commerce,3,5,1,3,4,4,0,1,0
133,1,1,1,48,Male,Malay,Diploma or equivalent,Others,0,1,1,3,Food & Beverage,Singaporean,3,1,Commerce & E-commerce,3,5,1,3,3,3,0,1,1
134,0,0,1,46,Male,Malay,Degree,Business,1,0,1,3,Banking & Finance,Singaporean,1,0,Other,,,,,1,1,1,0,0
134,0,1,1,46,Male,Malay,Degree,Business,1,0,1,3,Banking & Finance,Singaporean,1,0,Other,,,,,,,1,0,0
135,0,0,1,42,Male,India,Degree,Computing,0,0,1,3,Technology,Singaporean,1,0,Services,2,0,2,2,1,1,0,1,0
135,0,1,1,42,Male,India,Degree,Computing,0,0,1,3,Technology,Singaporean,1,0,Services,2,0,2,2,1,1,0,1,0
136,0,0,1,50,Male,Others,Degree,Computing,0,1,0,4,Technology,Singaporean,1,0,Other,,,,,1,1,1,0,0
136,0,1,1,50,Male,Others,Degree,Computing,0,1,0,4,Technology,Singaporean,1,0,Other,,,,,,,1,0,0
137,0,0,1,25,Female,Chinese,Degree,Business,0,1,1,1,Travel & Tourism,Singaporean,4,0,Services,4,3,3,3,2,2,0,1,0
137,0,1,1,25,Female,Chinese,Degree,Business,0,1,1,1,Travel & Tourism,Singaporean,4,0,Services,4,3,3,3,2,3,0,1,0
138,1,0,1,22,Male,Chinese,Diploma or equivalent,Engineering,1,1,1,1,Retail & Commerce,Singaporean,10,0,Services,,,,,,,1,0,0
138,1,1,1,22,Male,Chinese,Diploma or equivalent,Engineering,1,1,1,1,Retail & Commerce,Singaporean,10,0,Services,,,,,,,1,0,1
139,1,0,1,49,Male,Malay,Degree,Others,0,1,0,4,Government,Singaporean,2,0,Commerce & E-commerce,5,4,1,1,3,4,0,1,0
139,1,1,1,49,Male,Malay,Degree,Others,0,1,0,4,Government,Singaporean,2,0,Commerce & E-commerce,5,4,1,1,3,4,0,1,1
140,0,0,1,22,Male,Chinese,Diploma or equivalent,Business,1,1,0,1,Retail & Commerce,Singaporean,1,0,Services,3,3,5,3,1,1,0,1,0
140,0,1,1,22,Male,Chinese,Diploma or equivalent,Business,1,1,0,1,Retail & Commerce,Singaporean,1,0,Services,3,3,5,3,2,3,0,1,0
141,1,0,1,24,Female,Chinese,Degree,Arts & Social Sciences,1,0,0,1,Others,Singaporean,1,0,Commerce & E-commerce,2,1,3,2,1,1,0,1,0
141,1,1,1,24,Female,Chinese,Degree,Arts & Social Sciences,1,0,0,1,Others,Singaporean,1,0,Commerce & E-commerce,2,1,3,2,3,3,0,1,1
142,1,0,1,28,Male,Malay,Diploma or equivalent,Business,0,1,1,2,Food & Beverage,Singaporean,2,0,Commerce & E-commerce,,,,,1,1,1,1,0
142,1,1,1,28,Male,Malay,Diploma or equivalent,Business,0,1,1,2,Food & Beverage,Singaporean,2,0,Commerce & E-commerce,,,,,,,1,1,1
143,1,0,1,21,Male,Chinese,Diploma or equivalent,Computing,1,0,0,0,Not Applicable,Singaporean,2,0,Services,0,1,3,1,1,1,0,1,0
143,1,1,1,21,Male,Chinese,Diploma or equivalent,Computing,1,0,0,0,Not Applicable,Singaporean,2,0,Services,0,1,3,1,1,1,0,1,1
144,1,0,1,28,Male,Chinese,Degree,Business,0,1,0,1,Banking & Finance,Singaporean,2,0,Services,1,1,2,1,1,1,0,1,0
144,1,1,1,28,Male,Chinese,Degree,Business,0,1,0,1,Banking & Finance,Singaporean,2,0,Services,1,1,2,1,1,1,0,1,1
145,0,0,1,21,Male,Chinese,Diploma or equivalent,Computing,1,0,1,0,Not Applicable,Student Visa,1,0,Online Platform & App,,,,,1,1,1,0,0
145,0,1,1,21,Male,Chinese,Diploma or equivalent,Computing,1,0,1,0,Not Applicable,Student Visa,1,0,Online Platform & App,,,,,,,1,0,0
146,0,0,1,42,Male,India,Masters,Arts & Social Sciences,0,1,0,3,Education,Singaporean,1,0,Other,,,,,1,1,1,0,0
146,0,1,1,42,Male,India,Masters,Arts & Social Sciences,0,1,0,3,Education,Singaporean,1,0,Other,,,,,,,1,0,0
147,0,0,1,52,Female,India,Masters,Medicine & Dentistry,0,1,0,0,Healthcare,Singaporean,1,0,Services,1,2,3,2,1,1,1,0,0
147,0,1,1,52,Female,India,Masters,Medicine & Dentistry,0,1,0,0,Healthcare,Singaporean,1,0,Services,1,2,3,2,,,1,0,0
148,1,0,1,32,Male,Malay,Diploma or equivalent,Engineering,0,1,0,2,Engineering,Singaporean,1,0,Services,0,2,0,3,1,1,0,1,0
148,1,1,1,32,Male,Malay,Diploma or equivalent,Engineering,0,1,0,2,Engineering,Singaporean,1,0,Services,0,2,0,3,1,3,0,1,1
149,0,0,1,44,Female,Others,Degree,Business,0,0,1,0,Others,Singaporean,2,0,Online Platform & App,3,2,2,2,1,1,0,1,0
149,0,1,1,44,Female,Others,Degree,Business,0,0,1,0,Others,Singaporean,2,0,Online Platform & App,3,2,2,2,1,1,0,1,0
150,0,0,1,23,Male,Chinese,Diploma or equivalent,Engineering,1,0,0,0,Not Applicable,Singaporean,1,0,Commerce & E-commerce,1,0,0,0,1,1,1,0,0
150,0,1,1,23,Male,Chinese,Diploma or equivalent,Engineering,1,0,0,0,Not Applicable,Singaporean,1,0,Commerce & E-commerce,1,0,0,0,,,1,0,0
151,1,0,1,44,Male,Others,Degree,Engineering,0,1,0,4,Engineering,Permanent Resident,1,0,Services,4,3,0,4,1,1,0,1,0
151,1,1,1,44,Male,Others,Degree,Engineering,0,1,0,4,Engineering,Permanent Resident,1,0,Services,4,3,0,4,1,1,0,1,1
152,0,0,1,35,Male,Chinese,Degree,Business,0,1,1,0,Manufacturing,Permanent Resident,3,0,Commerce & E-commerce,4,5,4,4,4,3,0,1,0
152,0,1,1,35,Male,Chinese,Degree,Business,0,1,1,0,Manufacturing,Permanent Resident,3,0,Commerce & E-commerce,4,5,4,4,1,1,0,1,0
153,1,0,1,27,Male,India,Degree,Engineering,0,1,0,0,Manufacturing,Singaporean,1,0,Services,,,,,,,1,0,0
153,1,1,1,27,Male,India,Degree,Engineering,0,1,0,0,Manufacturing,Singaporean,1,0,Services,,,,,,,1,0,1
154,1,0,1,50,Female,Chinese,Diploma or equivalent,Others,0,1,1,4,Manufacturing,Singaporean,1,1,Services,3,2,2,1,3,2,0,1,0
154,1,1,1,50,Female,Chinese,Diploma or equivalent,Others,0,1,1,4,Manufacturing,Singaporean,1,1,Services,3,2,2,1,1,1,0,1,1
155,0,0,1,40,Female,Malay,PhD,Science & Mathematics,0,1,1,0,Others,Singaporean,3,1,Services,3,3,3,3,2,3,0,1,0
155,0,1,1,40,Female,Malay,PhD,Science & Mathematics,0,1,1,0,Others,Singaporean,3,1,Services,3,3,3,3,2,2,0,1,0
156,0,0,1,40,Male,Malay,Masters,Arts & Social Sciences,0,1,0,0,Education,Singaporean,2,0,Services,,,,,1,1,1,0,0
156,0,1,1,40,Male,Malay,Masters,Arts & Social Sciences,0,1,0,0,Education,Singaporean,2,0,Services,,,,,,,1,0,0
157,1,0,1,27,Male,Chinese,Degree,Design & Environment,0,1,1,0,Construction & Real Estate,Singaporean,2,0,Commerce & E-commerce,2,1,2,1,1,1,0,1,0
157,1,1,1,27,Male,Chinese,Degree,Design & Environment,0,1,1,0,Construction & Real Estate,Singaporean,2,0,Commerce & E-commerce,2,1,2,1,5,2,0,1,1
158,1,0,1,30,Male,Chinese,Degree,Business,0,1,1,0,Engineering,Singaporean,1,0,Other,,,,,1,1,0,1,0
158,1,1,1,30,Male,Chinese,Degree,Business,0,1,1,0,Engineering,Singaporean,1,0,Other,,,,,5,3,0,1,1
159,1,0,1,45,Female,Chinese,Degree,Business,0,1,1,4,Retail & Commerce,Singaporean,2,1,Commerce & E-commerce,2,1,1,2,3,2,0,1,0
159,1,1,1,45,Female,Chinese,Degree,Business,0,1,1,4,Retail & Commerce,Singaporean,2,1,Commerce & E-commerce,2,1,1,2,1,1,0,1,1
160,0,0,1,23,Male,Chinese,Diploma or equivalent,Engineering,1,0,1,0,Not Applicable,Singaporean,3,1,Commerce & E-commerce,,,,,,,1,1,0
160,0,1,1,23,Male,Chinese,Diploma or equivalent,Engineering,1,0,1,0,Not Applicable,Singaporean,3,1,Commerce & E-commerce,,,,,,,1,1,0
161,1,0,1,24,Male,Chinese,Diploma or equivalent,Engineering,1,0,0,0,Not Applicable,Permanent Resident,1,0,Services,3,1,2,1,1,1,0,1,0
161,1,1,1,24,Male,Chinese,Diploma or equivalent,Engineering,1,0,0,0,Not Applicable,Permanent Resident,1,0,Services,3,1,2,1,1,1,0,1,1
162,0,0,1,27,Female,Malay,Degree,Business,0,1,0,1,Others,Singaporean,4,0,Services,0,0,2,2,1,1,0,1,0
162,0,1,1,27,Female,Malay,Degree,Business,0,1,0,1,Others,Singaporean,4,0,Services,0,0,2,2,1,1,0,1,0
163,1,0,1,29,Female,Chinese,Diploma or equivalent,Business,0,1,1,1,Others,Singaporean,7,1,Online Platform & App,4,5,5,5,1,1,0,0,0
163,1,1,1,29,Female,Chinese,Diploma or equivalent,Business,0,1,1,1,Others,Singaporean,7,1,Online Platform & App,4,5,5,5,5,3,0,0,1
164,1,0,1,50,Female,India,Masters,Arts & Social Sciences,0,1,0,1,Education,Singaporean,1,0,Commerce & E-commerce,1,2,0,0,1,1,1,0,0
164,1,1,1,50,Female,India,Masters,Arts & Social Sciences,0,1,0,1,Education,Singaporean,1,0,Commerce & E-commerce,1,2,0,0,,,1,0,1
165,0,0,2,46,Male,Chinese,Masters,Business,0,1,0,4,Others,Singaporean,1,1,Commerce & E-commerce,4,0,0,0,3,2,0,1,0
165,0,1,2,46,Male,Chinese,Masters,Business,0,1,0,4,Others,Singaporean,1,1,Commerce & E-commerce,4,0,0,0,3,3,0,1,0
166,0,0,2,48,Male,Chinese,Degree,Business,0,1,1,4,Arts & Media,Singaporean,1,1,Services,4,2,3,3,1,1,0,0,0
166,0,1,2,48,Male,Chinese,Degree,Business,0,1,1,4,Arts & Media,Singaporean,1,1,Services,4,2,3,3,1,1,0,0,0
167,0,0,2,52,Female,Chinese,Diploma or equivalent,Others,0,1,0,4,Logistics & Transport,Singaporean,1,0,Services,1,0,0,0,1,1,0,1,0
167,0,1,2,52,Female,Chinese,Diploma or equivalent,Others,0,1,0,4,Logistics & Transport,Singaporean,1,0,Services,1,0,0,0,1,1,0,1,0
168,1,0,2,31,Male,Chinese,Degree,Others,0,1,1,3,Healthcare,Singaporean,1,1,Services,,,,,3,2,0,0,0
168,1,1,2,31,Male,Chinese,Degree,Others,0,1,1,3,Healthcare,Singaporean,1,1,Services,,,,,1,1,0,0,1
169,1,0,2,49,Male,Chinese,Masters,Science & Mathematics,0,1,1,3,Food & Beverage,Singaporean,4,0,Online Platform & App,4,3,3,3,1,1,0,1,0
169,1,1,2,49,Male,Chinese,Masters,Science & Mathematics,0,1,1,3,Food & Beverage,Singaporean,4,0,Online Platform & App,4,3,3,3,5,4,0,1,1
170,1,0,2,35,Female,Chinese,Degree,Others,0,1,0,2,Food & Beverage,Singaporean,1,1,Commerce & E-commerce,3,4,3,3,2,2,0,1,0
170,1,1,2,35,Female,Chinese,Degree,Others,0,1,0,2,Food & Beverage,Singaporean,1,1,Commerce & E-commerce,3,4,3,3,3,5,0,1,1
171,0,0,2,46,Male,Chinese,Diploma or equivalent,Design & Environment,0,1,1,2,Manufacturing,Singaporean,2,1,Other,4,0,0,5,1,1,0,1,0
171,0,1,2,46,Male,Chinese,Diploma or equivalent,Design & Environment,0,1,1,2,Manufacturing,Singaporean,2,1,Other,4,0,0,5,1,1,0,1,0
172,0,0,2,35,Female,Chinese,Degree,Arts & Social Sciences,0,1,1,3,Logistics & Transport,Singaporean,2,0,Services,2,0,3,3,1,1,0,1,0
172,0,1,2,35,Female,Chinese,Degree,Arts & Social Sciences,0,1,1,3,Logistics & Transport,Singaporean,2,0,Services,2,0,3,3,1,1,0,1,0
173,0,0,2,35,Male,Chinese,Degree,Others,0,1,1,3,Others,Permanent Resident,1,1,Other,1,0,0,3,1,1,0,0,0
173,0,1,2,35,Male,Chinese,Degree,Others,0,1,1,3,Others,Permanent Resident,1,1,Other,1,0,0,3,1,1,0,0,0
174,0,0,2,50,Male,India,Degree,Computing,0,1,1,4,Technology,Singaporean,1,0,Services,,,,,1,1,1,1,0
174,0,1,2,50,Male,India,Degree,Computing,0,1,1,4,Technology,Singaporean,1,0,Services,,,,,,,1,1,0
175,1,0,2,36,Female,Chinese,Masters,Arts & Social Sciences,0,1,1,3,Others,Singaporean,1,1,Services,3,0,0,0,3,2,0,1,0
175,1,1,2,36,Female,Chinese,Masters,Arts & Social Sciences,0,1,1,3,Others,Singaporean,1,1,Services,3,0,0,0,4,3,0,1,1
176,0,0,2,29,Female,Chinese,Diploma or equivalent,Others,0,1,1,3,Retail & Commerce,Singaporean,15,1,Commerce & E-commerce,,,,,,,1,0,0
176,0,1,2,29,Female,Chinese,Diploma or equivalent,Others,0,1,1,3,Retail & Commerce,Singaporean,15,1,Commerce & E-commerce,,,,,,,1,0,0
177,1,0,2,53,Male,Chinese,Degree,Business,0,1,1,4,Banking & Finance,Singaporean,9,0,Services,4,4,4,5,1,1,0,1,0
177,1,1,2,53,Male,Chinese,Degree,Business,0,1,1,4,Banking & Finance,Singaporean,9,0,Services,4,4,4,5,1,4,0,1,1
178,1,0,2,55,Male,Chinese,Degree,Computing,0,1,1,4,Technology,Singaporean,1,0,Online Platform & App,3,3,5,3,1,1,0,1,0
178,1,1,2,55,Male,Chinese,Degree,Computing,0,1,1,4,Technology,Singaporean,1,0,Online Platform & App,3,3,5,3,1,1,0,1,1
179,0,0,2,22,Female,Chinese,Diploma or equivalent,Law,1,0,0,0,Food & Beverage,Singaporean,1,0,Other,2,0,4,0,1,1,0,1,0
179,0,1,2,22,Female,Chinese,Diploma or equivalent,Law,1,0,0,0,Food & Beverage,Singaporean,1,0,Other,2,0,4,0,1,1,0,1,0
180,1,0,2,29,Male,Chinese,Diploma or equivalent,Engineering,0,0,0,2,Banking & Finance,Singaporean,6,1,Online Platform & App,4,5,3,2,3,3,1,0,0
180,1,1,2,29,Male,Chinese,Diploma or equivalent,Engineering,0,0,0,2,Banking & Finance,Singaporean,6,1,Online Platform & App,4,5,3,2,,,1,0,1
181,0,0,2,30,Male,India,Degree,Engineering,0,1,1,2,Engineering,Singaporean,2,0,Online Platform & App,2,3,0,0,1,1,0,0,0
181,0,1,2,30,Male,India,Degree,Engineering,0,1,1,2,Engineering,Singaporean,2,0,Online Platform & App,2,3,0,0,3,5,0,0,0
182,0,0,2,30,Male,Malay,Masters,Medicine & Dentistry,1,1,1,2,Healthcare,Permanent Resident,1,0,Online Platform & App,2,5,5,2,1,1,0,1,0
182,0,1,2,30,Male,Malay,Masters,Medicine & Dentistry,1,1,1,2,Healthcare,Permanent Resident,1,0,Online Platform & App,2,5,5,2,1,1,0,1,0
183,1,0,2,28,Female,Chinese,Masters,Business,1,1,1,1,Technology,Work Visa,1,0,Online Platform & App,0,0,1,0,1,1,1,0,0
183,1,1,2,28,Female,Chinese,Masters,Business,1,1,1,1,Technology,Work Visa,1,0,Online Platform & App,0,0,1,0,,,1,0,1
184,0,0,2,28,Female,Chinese,Masters,Business,1,0,0,2,Technology,Student Visa,1,0,Services,,,,,1,1,1,0,0
184,0,1,2,28,Female,Chinese,Masters,Business,1,0,0,2,Technology,Student Visa,1,0,Services,,,,,,,1,0,0
185,1,0,2,26,Male,Chinese,Masters,Law,1,0,1,1,Others,Student Visa,1,0,Services,2,2,4,3,1,1,0,0,0
185,1,1,2,26,Male,Chinese,Masters,Law,1,0,1,1,Others,Student Visa,1,0,Services,2,2,4,3,5,5,0,0,1
186,0,0,2,24,Female,Chinese,Masters,Law,1,0,0,0,Banking & Finance,Student Visa,1,0,Services,0,0,0,1,1,2,0,0,0
186,0,1,2,24,Female,Chinese,Masters,Law,1,0,0,0,Banking & Finance,Student Visa,1,0,Services,0,0,0,1,1,1,0,0,0
187,0,0,2,35,Male,Chinese,Degree,Arts & Social Sciences,0,0,1,2,Others,Singaporean,6,1,Services,2,1,3,2,1,1,0,1,0
187,0,1,2,35,Male,Chinese,Degree,Arts & Social Sciences,0,0,1,2,Others,Singaporean,6,1,Services,2,1,3,2,3,3,0,1,0
188,0,0,2,33,Male,Chinese,Degree,Business,0,1,0,2,Manufacturing,Permanent Resident,1,0,Services,1,0,0,0,1,1,0,0,0
188,0,1,2,33,Male,Chinese,Degree,Business,0,1,0,2,Manufacturing,Permanent Resident,1,0,Services,1,0,0,0,1,1,0,0,0
189,0,0,2,36,Female,Chinese,Degree,Others,0,1,1,1,Others,Singaporean,2,1,Services,3,5,0,2,5,2,0,1,0
189,0,1,2,36,Female,Chinese,Degree,Others,0,1,1,1,Others,Singaporean,2,1,Services,3,5,0,2,5,3,0,1,0
190,0,0,2,30,Female,India,Masters,Business,0,0,1,1,Others,Singaporean,1,0,Commerce & E-commerce,3,3,0,0,3,2,0,1,0
190,0,1,2,30,Female,India,Masters,Business,0,0,1,1,Others,Singaporean,1,0,Commerce & E-commerce,3,3,0,0,1,2,0,1,0
191,1,0,2,23,Male,Chinese,Diploma or equivalent,Science & Mathematics,1,0,1,1,Not Applicable,Permanent Resident,1,0,Online Platform & App,1,0,1,1,1,1,0,0,0
191,1,1,2,23,Male,Chinese,Diploma or equivalent,Science & Mathematics,1,0,1,1,Not Applicable,Permanent Resident,1,0,Online Platform & App,1,0,1,1,1,1,0,0,1
192,0,0,2,25,Male,Chinese,Diploma or equivalent,Science & Mathematics,1,0,0,1,Technology,Singaporean,1,0,Commerce & E-commerce,0,0,1,1,1,1,0,0,0
192,0,1,2,25,Male,Chinese,Diploma or equivalent,Science & Mathematics,1,0,0,1,Technology,Singaporean,1,0,Commerce & E-commerce,0,0,1,1,1,1,0,0,0
193,0,0,2,22,Male,Chinese,Diploma or equivalent,Science & Mathematics,1,0,1,2,Education,Singaporean,4,1,Commerce & E-commerce,1,0,3,3,1,4,0,1,0
193,0,1,2,22,Male,Chinese,Diploma or equivalent,Science & Mathematics,1,0,1,2,Education,Singaporean,4,1,Commerce & E-commerce,1,0,3,3,1,4,0,1,0
194,1,0,2,26,Male,Chinese,Degree,Engineering,1,0,0,1,Engineering,Work Visa,9,0,Services,1,0,1,1,1,2,0,1,0
194,1,1,2,26,Male,Chinese,Degree,Engineering,1,0,0,1,Engineering,Work Visa,9,0,Services,1,0,1,1,1,1,0,1,1
195,1,0,2,23,Female,Chinese,Diploma or equivalent,Engineering,1,0,0,1,Engineering,Singaporean,1,0,Services,0,0,0,0,1,1,1,0,0
195,1,1,2,23,Female,Chinese,Diploma or equivalent,Engineering,1,0,0,1,Engineering,Singaporean,1,0,Services,0,0,0,0,,,1,0,1
196,1,0,2,22,Female,India,Degree,Science & Mathematics,1,0,1,0,Not Applicable,Singaporean,5,1,Services,2,2,0,1,1,2,0,1,0
196,1,1,2,22,Female,India,Degree,Science & Mathematics,1,0,1,0,Not Applicable,Singaporean,5,1,Services,2,2,0,1,2,2,0,1,1
197,0,0,2,24,Male,Chinese,Diploma or equivalent,Engineering,1,0,1,1,Others,Singaporean,3,1,Online Platform & App,4,0,0,2,5,3,0,0,0
197,0,1,2,24,Male,Chinese,Diploma or equivalent,Engineering,1,0,1,1,Others,Singaporean,3,1,Online Platform & App,4,0,0,2,5,3,0,0,0
198,1,0,2,50,Female,India,Diploma or equivalent,Engineering,0,0,0,4,Arts & Media,Permanent Resident,1,0,Services,,,,,3,2,1,0,0
198,1,1,2,50,Female,India,Diploma or equivalent,Engineering,0,0,0,4,Arts & Media,Permanent Resident,1,0,Services,,,,,,,1,0,1
199,0,0,2,29,Male,Chinese,Degree,Business,0,1,1,1,Retail & Commerce,Singaporean,4,0,Online Platform & App,3,2,2,4,1,1,1,1,0
199,0,1,2,29,Male,Chinese,Degree,Business,0,1,1,1,Retail & Commerce,Singaporean,4,0,Online Platform & App,3,2,2,4,,,1,1,0
200,1,0,2,54,Female,Chinese,Masters,Business,0,1,1,4,Education,Singaporean,4,1,Online Platform & App,4,0,3,3,5,2,0,1,0
200,1,1,2,54,Female,Chinese,Masters,Business,0,1,1,4,Education,Singaporean,4,1,Online Platform & App,4,0,3,3,5,4,0,1,1
201,1,0,2,54,Male,Others,PhD,Science & Mathematics,0,1,1,4,Healthcare,Work Visa,2,1,Commerce & E-commerce,4,4,4,5,5,3,1,1,0
201,1,1,2,54,Male,Others,PhD,Science & Mathematics,0,1,1,4,Healthcare,Work Visa,2,1,Commerce & E-commerce,4,4,4,5,,,1,1,1
202,1,0,2,39,Male,India,Degree,Engineering,0,1,0,3,Engineering,Non-Resident,2,0,Services,1,0,4,3,1,1,0,1,0
202,1,1,2,39,Male,India,Degree,Engineering,0,1,0,3,Engineering,Non-Resident,2,0,Services,1,0,4,3,1,3,0,1,1
203,1,0,2,35,Male,Others,Masters,Business,0,1,1,3,Technology,Permanent Resident,1,0,Commerce & E-commerce,,,,,1,1,0,0,0
203,1,1,2,35,Male,Others,Masters,Business,0,1,1,3,Technology,Permanent Resident,1,0,Commerce & E-commerce,,,,,1,1,0,0,1
204,0,0,2,53,Male,Chinese,Diploma or equivalent,Others,0,0,1,4,Education,Singaporean,3,0,Services,2,0,0,3,1,1,1,1,0
204,0,1,2,53,Male,Chinese,Diploma or equivalent,Others,0,0,1,4,Education,Singaporean,3,0,Services,2,0,0,3,,,1,1,0
205,0,0,2,23,Female,Chinese,Diploma or equivalent,Design & Environment,0,1,1,1,Education,Singaporean,2,1,Other,4,1,4,3,3,3,0,0,0
205,0,1,2,23,Female,Chinese,Diploma or equivalent,Design & Environment,0,1,1,1,Education,Singaporean,2,1,Other,4,1,4,3,3,4,0,0,0
206,1,0,2,32,Female,Chinese,Degree,Business,0,1,0,2,Technology,Work Visa,1,0,Commerce & E-commerce,1,2,1,1,1,1,0,0,0
206,1,1,2,32,Female,Chinese,Degree,Business,0,1,0,2,Technology,Work Visa,1,0,Commerce & E-commerce,1,2,1,1,1,1,0,0,1
207,0,0,2,27,Female,Chinese,Diploma or equivalent,Business,0,1,0,1,Retail & Commerce,Singaporean,1,0,Online Platform & App,1,0,0,1,1,1,0,0,0
207,0,1,2,27,Female,Chinese,Diploma or equivalent,Business,0,1,0,1,Retail & Commerce,Singaporean,1,0,Online Platform & App,1,0,0,1,1,1,0,0,0
208,1,0,2,52,Male,Chinese,Masters,Engineering,0,1,1,4,Education,Singaporean,2,1,Services,4,5,5,3,1,1,0,1,0
208,1,1,2,52,Male,Chinese,Masters,Engineering,0,1,1,4,Education,Singaporean,2,1,Services,4,5,5,3,1,3,0,1,1
209,0,0,2,30,Male,Chinese,Masters,Business,0,1,1,2,Construction & Real Estate,Permanent Resident,5,1,Online Platform & App,3,3,4,5,4,5,0,0,0
209,0,1,2,30,Male,Chinese,Masters,Business,0,1,1,2,Construction & Real Estate,Permanent Resident,5,1,Online Platform & App,3,3,4,5,5,5,0,0,0
210,0,0,2,35,Male,Chinese,Degree,Business,0,1,1,1,Not Applicable,Permanent Resident,1,0,Other,,,,,1,1,1,0,0
210,0,1,2,35,Male,Chinese,Degree,Business,0,1,1,1,Not Applicable,Permanent Resident,1,0,Other,,,,,,,1,0,0
211,1,0,2,24,Male,Chinese,Degree,Computing,0,1,1,1,Technology,Work Visa,2,0,Services,1,4,3,0,1,1,1,0,0
211,1,1,2,24,Male,Chinese,Degree,Computing,0,1,1,1,Technology,Work Visa,2,0,Services,1,4,3,0,,,1,0,1
212,0,0,2,50,Male,India,PhD,Science & Mathematics,0,0,1,3,Healthcare,Singaporean,2,0,Commerce & E-commerce,,,,,1,1,0,1,0
212,0,1,2,50,Male,India,PhD,Science & Mathematics,0,0,1,3,Healthcare,Singaporean,2,0,Commerce & E-commerce,,,,,1,1,0,1,0
213,1,0,2,35,Male,India,Masters,Engineering,0,0,1,3,Engineering,Work Visa,1,0,Services,1,3,0,0,1,1,0,1,0
213,1,1,2,35,Male,India,Masters,Engineering,0,0,1,3,Engineering,Work Visa,1,0,Services,1,3,0,0,1,1,0,1,1
214,1,0,2,26,Male,Others,Diploma or equivalent,Business,0,1,0,1,Healthcare,Permanent Resident,4,0,Commerce & E-commerce,,,,,1,1,1,0,0
214,1,1,2,26,Male,Others,Diploma or equivalent,Business,0,1,0,1,Healthcare,Permanent Resident,4,0,Commerce & E-commerce,,,,,,,1,0,1
215,0,0,2,21,Male,Chinese,Diploma or equivalent,Computing,1,1,1,1,Technology,Singaporean,1,0,Other,4,5,2,1,1,1,0,0,0
215,0,1,2,21,Male,Chinese,Diploma or equivalent,Computing,1,1,1,1,Technology,Singaporean,1,0,Other,4,5,2,1,1,5,0,0,0
216,1,0,2,24,Female,Others,Diploma or equivalent,Business,1,1,0,1,Food & Beverage,Permanent Resident,1,0,Commerce & E-commerce,1,0,1,0,1,1,1,0,0
216,1,1,2,24,Female,Others,Diploma or equivalent,Business,1,1,0,1,Food & Beverage,Permanent Resident,1,0,Commerce & E-commerce,1,0,1,0,,,1,0,1
217,1,0,2,27,Female,India,Diploma or equivalent,Computing,1,0,0,0,Not Applicable,Singaporean,1,0,Commerce & E-commerce,0,0,0,0,1,1,0,1,0
217,1,1,2,27,Female,India,Diploma or equivalent,Computing,1,0,0,0,Not Applicable,Singaporean,1,0,Commerce & E-commerce,0,0,0,0,1,1,0,1,1
218,1,0,2,25,Male,Chinese,Diploma or equivalent,Arts & Social Sciences,1,1,1,1,Food & Beverage,Singaporean,8,1,Services,1,0,4,1,2,4,0,0,0
218,1,1,2,25,Male,Chinese,Diploma or equivalent,Arts & Social Sciences,1,1,1,1,Food & Beverage,Singaporean,8,1,Services,1,0,4,1,2,5,0,0,1
219,1,0,2,42,Female,Others,Diploma or equivalent,Arts & Social Sciences,0,1,0,2,Healthcare,Permanent Resident,1,0,Services,1,1,0,0,1,1,0,0,0
219,1,1,2,42,Female,Others,Diploma or equivalent,Arts & Social Sciences,0,1,0,2,Healthcare,Permanent Resident,1,0,Services,1,1,0,0,1,1,0,0,1
220,0,0,2,34,Male,Others,Masters,Engineering,0,1,1,2,Banking & Finance,Work Visa,3,0,Services,1,0,0,0,1,2,0,1,0
220,0,1,2,34,Male,Others,Masters,Engineering,0,1,1,2,Banking & Finance,Work Visa,3,0,Services,1,0,0,0,2,2,0,1,0
221,0,0,2,32,Female,Chinese,Degree,Business,1,0,1,2,Banking & Finance,Non-Resident,1,0,Services,4,0,5,0,1,1,0,1,0
221,0,1,2,32,Female,Chinese,Degree,Business,1,0,1,2,Banking & Finance,Non-Resident,1,0,Services,4,0,5,0,1,1,0,1,0
222,1,0,2,39,Male,Others,Masters,Business,0,1,0,3,Others,Work Visa,1,0,Services,3,4,3,0,1,1,0,1,0
222,1,1,2,39,Male,Others,Masters,Business,0,1,0,3,Others,Work Visa,1,0,Services,3,4,3,0,1,1,0,1,1
223,1,0,2,48,Female,Others,Masters,Business,0,0,0,0,Not Applicable,Non-Resident,1,1,Commerce & E-commerce,3,4,4,0,1,1,0,1,0
223,1,1,2,48,Female,Others,Masters,Business,0,0,0,0,Not Applicable,Non-Resident,1,1,Commerce & E-commerce,3,4,4,0,3,3,0,1,1
224,1,0,2,45,Male,Chinese,Masters,Computing,0,1,0,3,Construction & Real Estate,Singaporean,1,0,Services,2,3,0,2,1,1,1,0,0
224,1,1,2,45,Male,Chinese,Masters,Computing,0,1,0,3,Construction & Real Estate,Singaporean,1,0,Services,2,3,0,2,,,1,0,1
225,0,0,2,44,Male,India,Masters,Others,0,1,1,3,Engineering,Singaporean,2,0,Services,4,5,3,3,1,1,0,1,0
225,0,1,2,44,Male,India,Masters,Others,0,1,1,3,Engineering,Singaporean,2,0,Services,4,5,3,3,1,2,0,1,0
226,1,0,2,43,Female,Others,Diploma or equivalent,Others,1,1,1,4,Food & Beverage,Permanent Resident,4,1,Other,2,5,0,0,1,1,0,1,0
226,1,1,2,43,Female,Others,Diploma or equivalent,Others,1,1,1,4,Food & Beverage,Permanent Resident,4,1,Other,2,5,0,0,3,3,0,1,1
227,0,0,2,24,Male,Chinese,Diploma or equivalent,Business,0,0,1,1,Retail & Commerce,Singaporean,1,0,Other,2,0,1,0,1,1,1,0,0
227,0,1,2,24,Male,Chinese,Diploma or equivalent,Business,0,0,1,1,Retail & Commerce,Singaporean,1,0,Other,2,0,1,0,,,1,0,0
228,1,0,2,24,Male,India,Diploma or equivalent,Business,1,0,0,0,Not Applicable,Student Visa,1,0,Commerce & E-commerce,0,0,0,0,1,1,0,0,0
228,1,1,2,24,Male,India,Diploma or equivalent,Business,1,0,0,0,Not Applicable,Student Visa,1,0,Commerce & E-commerce,0,0,0,0,1,1,0,0,1
229,1,0,2,24,Male,Chinese,Diploma or equivalent,Others,0,1,1,1,Defense,Singaporean,1,0,Online Platform & App,2,5,0,4,1,1,1,0,0
229,1,1,2,24,Male,Chinese,Diploma or equivalent,Others,0,1,1,1,Defense,Singaporean,1,0,Online Platform & App,2,5,0,4,,,1,0,1
230,0,0,2,27,Male,Chinese,Diploma or equivalent,Design & Environment,0,1,1,1,Education,Singaporean,1,0,Online Platform & App,,,,,1,1,0,1,0
230,0,1,2,27,Male,Chinese,Diploma or equivalent,Design & Environment,0,1,1,1,Education,Singaporean,1,0,Online Platform & App,,,,,1,1,0,1,0
231,0,0,2,29,Female,Chinese,Masters,Engineering,0,1,1,1,Construction & Real Estate,Work Visa,8,1,Other,3,4,5,5,1,1,0,1,0
231,0,1,2,29,Female,Chinese,Masters,Engineering,0,1,1,1,Construction & Real Estate,Work Visa,8,1,Other,3,4,5,5,1,1,0,1,0
232,1,0,2,28,Female,Chinese,Degree,Business,0,0,0,1,Not Applicable,Singaporean,4,1,Other,4,5,5,5,1,1,1,0,0
232,1,1,2,28,Female,Chinese,Degree,Business,0,0,0,1,Not Applicable,Singaporean,4,1,Other,4,5,5,5,,,1,0,1
233,1,0,2,33,Male,Chinese,Degree,Others,0,1,1,2,Travel & Tourism,Singaporean,12,1,Services,4,5,3,3,1,2,0,1,0
233,1,1,2,33,Male,Chinese,Degree,Others,0,1,1,2,Travel & Tourism,Singaporean,12,1,Services,4,5,3,3,4,5,0,1,1
234,1,0,2,43,Male,Chinese,Diploma or equivalent,Design & Environment,0,1,1,4,Retail & Commerce,Singaporean,3,1,Online Platform & App,1,0,4,1,1,1,0,1,0
234,1,1,2,43,Male,Chinese,Diploma or equivalent,Design & Environment,0,1,1,4,Retail & Commerce,Singaporean,3,1,Online Platform & App,1,0,4,1,5,5,0,1,1
235,0,0,2,24,Male,Chinese,Degree,Business,1,0,1,1,Banking & Finance,Singaporean,1,0,Services,1,0,0,0,1,1,0,0,0
235,0,1,2,24,Male,Chinese,Degree,Business,1,0,1,1,Banking & Finance,Singaporean,1,0,Services,1,0,0,0,1,1,0,0,0
236,1,0,2,47,Male,India,Degree,Engineering,0,0,0,4,Education,Work Visa,4,0,Online Platform & App,2,4,2,1,1,1,0,1,0
236,1,1,2,47,Male,India,Degree,Engineering,0,0,0,4,Education,Work Visa,4,0,Online Platform & App,2,4,2,1,2,5,0,1,1
